<toolSet name="External Tools">
  <tool name="javah" description="javah" showInMainMenu="false" showInEditor="false" showInProject="false" showInSearchPopup="false" disabled="false" useConsole="true" showConsoleOnStdOut="false" showConsoleOnStdErr="false" synchronizeAfterRun="true">
    <exec>
      <option name="COMMAND" value="$JDKPath$\bin\javah.exe" />
      <option name="PARAMETERS" value="-encoding utf-8 -classpath . -jni -d $ModuleFileDir$\src\main\jni $FileClass$" />
      <option name="WORKING_DIRECTORY" value="$ModuleFileDir$/src/main/java" />
    </exec>
  </tool>
  <tool name="ndk-build" description="ndk-build" showInMainMenu="false" showInEditor="false" showInProject="false" showInSearchPopup="false" disabled="false" useConsole="true" showConsoleOnStdOut="false" showConsoleOnStdErr="false" synchronizeAfterRun="true">
    <exec>
      <option name="COMMAND" value="D:\WorkSoftware\Android\sdk\ndk-bundle\ndk-build.cmd" />
      <option name="PARAMETERS" />
      <option name="WORKING_DIRECTORY" value="$ProjectFileDir$/app/src/main/jniLibs" />
    </exec>
  </tool>
  <tool name="javac" description="javac" showInMainMenu="false" showInEditor="false" showInProject="false" showInSearchPopup="false" disabled="false" useConsole="true" showConsoleOnStdOut="false" showConsoleOnStdErr="false" synchronizeAfterRun="true">
    <exec>
      <option name="COMMAND" value="D:\WorkSoftware\Java\jdk1.8.0_144\bin\javac.exe" />
      <option name="PARAMETERS" value="-encoding utf-8 -d $ModuleFileDir$\build\intermediates\classes\debug  $FilePath$" />
      <option name="WORKING_DIRECTORY" value="$ProjectFileDir$/app/build/intermediates/classes/debug" />
    </exec>
  </tool>
  <tool name="javap" description="javap" showInMainMenu="false" showInEditor="false" showInProject="false" showInSearchPopup="false" disabled="false" useConsole="true" showConsoleOnStdOut="false" showConsoleOnStdErr="false" synchronizeAfterRun="true">
    <exec>
      <option name="COMMAND" value="$JDKPath$\bin\javap.exe" />
      <option name="PARAMETERS" value="-s -p $FileClass$" />
      <option name="WORKING_DIRECTORY" value="$ModuleFileDir$/build/intermediates/classes/debug" />
    </exec>
  </tool>
</toolSet>