<keymap version="1" name="Learzhu" parent="Eclipse">
  <action id="Android.CleanRun">
    <keyboard-shortcut first-keystroke="shift ctrl f1" />
  </action>
  <action id="CIDR.Lang.Cpp.GenerateGetterAndSetter">
    <keyboard-shortcut first-keystroke="shift ctrl 1" />
  </action>
  <action id="ClassNameCompletion">
    <keyboard-shortcut first-keystroke="alt slash" />
  </action>
  <action id="Generate">
    <keyboard-shortcut first-keystroke="shift alt s" />
  </action>
  <action id="GotoSuperMethod">
    <keyboard-shortcut first-keystroke="shift alt u" />
  </action>
  <action id="HippieCompletion" />
  <action id="InspectCode">
    <keyboard-shortcut first-keystroke="f2" />
  </action>
  <action id="IntroduceVariable">
    <keyboard-shortcut first-keystroke="shift alt l" />
  </action>
  <action id="MoveLineDown">
    <keyboard-shortcut first-keystroke="alt down" />
  </action>
  <action id="MoveLineUp">
    <keyboard-shortcut first-keystroke="alt up" />
  </action>
  <action id="MoveStatementDown" />
  <action id="MoveStatementUp" />
  <action id="NewClass">
    <keyboard-shortcut first-keystroke="shift alt n" />
  </action>
  <action id="NewDir">
    <keyboard-shortcut first-keystroke="ctrl alt n" />
  </action>
  <action id="ReplaceInPath">
    <keyboard-shortcut first-keystroke="ctrl alt r" />
  </action>
  <action id="ShowContent" />
  <action id="SwitchApply">
    <keyboard-shortcut first-keystroke="shift alt enter" />
  </action>
  <action id="SwitchDown">
    <keyboard-shortcut first-keystroke="shift alt down" />
  </action>
  <action id="SwitchLeft">
    <keyboard-shortcut first-keystroke="shift alt left" />
  </action>
  <action id="SwitchRight">
    <keyboard-shortcut first-keystroke="shift alt right" />
  </action>
  <action id="SwitchUp">
    <keyboard-shortcut first-keystroke="shift alt up" />
  </action>
  <action id="UpdateRunningApplication" />
  <action id="android.deploy.ApplyChanges">
    <keyboard-shortcut first-keystroke="ctrl f10" />
  </action>
  <action id="android.deploy.CodeSwap">
    <keyboard-shortcut first-keystroke="ctrl alt f10" />
  </action>
  <action id="context.load" />
  <action id="context.save" />
</keymap>